{
    "type": "FeatureCollection",
    "features": [
        {
            "type": "Feature",
            "properties": {
                "@circle": {
                    "type": "Mercator",
                    "center": [
                        -101.1629297,
                        37.8686124
                    ]
                }
            },
            "geometry": {
                "type": "Polygon",
                "coordinates": [
                    [
                        [
                            -101.158416,
                            37.868612
                        ],
                        [
                            -101.158424,
                            37.868836
                        ],
                        [
                            -101.158451,
                            37.869059
                        ],
                        [
                            -101.158495,
                            37.86928
                        ],
                        [
                            -101.158557,
                            37.869499
                        ],
                        [
                            -101.158636,
                            37.869714
                        ],
                        [
                            -101.158733,
                            37.869924
                        ],
                        [
                            -101.158845,
                            37.87013
                        ],
                        [
                            -101.158974,
                            37.870329
                        ],
                        [
                            -101.159118,
                            37.870522
                        ],
                        [
                            -101.159278,
                            37.870707
                        ],
                        [
                            -101.159451,
                            37.870884
                        ],
                        [
                            -101.159639,
                            37.871052
                        ],
                        [
                            -101.15984,
                            37.87121
                        ],
                        [
                            -101.160052,
                            37.871358
                        ],
                        [
                            -101.160276,
                            37.871495
                        ],
                        [
                            -101.160511,
                            37.871621
                        ],
                        [
                            -101.160755,
                            37.871735
                        ],
                        [
                            -101.161008,
                            37.871837
                        ],
                        [
                            -101.161268,
                            37.871926
                        ],
                        [
                            -101.161535,
                            37.872001
                        ],
                        [
                            -101.161807,
                            37.872064
                        ],
                        [
                            -101.162084,
                            37.872113
                        ],
                        [
                            -101.162364,
                            37.872148
                        ],
                        [
                            -101.162646,
                            37.872169
                        ],
                        [
                            -101.16293,
                            37.872176
                        ],
                        [
                            -101.163213,
                            37.872169
                        ],
                        [
                            -101.163496,
                            37.872148
                        ],
                        [
                            -101.163776,
                            37.872113
                        ],
                        [
                            -101.164052,
                            37.872064
                        ],
                        [
                            -101.164325,
                            37.872001
                        ],
                        [
                            -101.164592,
                            37.871926
                        ],
                        [
                            -101.164852,
                            37.871837
                        ],
                        [
                            -101.165104,
                            37.871735
                        ],
                        [
                            -101.165349,
                            37.871621
                        ],
                        [
                            -101.165583,
                            37.871495
                        ],
                        [
                            -101.165807,
                            37.871358
                        ],
                        [
                            -101.16602,
                            37.87121
                        ],
                        [
                            -101.16622,
                            37.871052
                        ],
                        [
                            -101.166408,
                            37.870884
                        ],
                        [
                            -101.166582,
                            37.870707
                        ],
                        [
                            -101.166741,
                            37.870522
                        ],
                        [
                            -101.166886,
                            37.870329
                        ],
                        [
                            -101.167014,
                            37.87013
                        ],
                        [
                            -101.167127,
                            37.869924
                        ],
                        [
                            -101.167223,
                            37.869714
                        ],
                        [
                            -101.167302,
                            37.869499
                        ],
                        [
                            -101.167364,
                            37.86928
                        ],
                        [
                            -101.167408,
                            37.869059
                        ],
                        [
                            -101.167435,
                            37.868836
                        ],
                        [
                            -101.167444,
                            37.868612
                        ],
                        [
                            -101.167435,
                            37.868389
                        ],
                        [
                            -101.167408,
                            37.868166
                        ],
                        [
                            -101.167364,
                            37.867945
                        ],
                        [
                            -101.167302,
                            37.867726
                        ],
                        [
                            -101.167223,
                            37.867511
                        ],
                        [
                            -101.167127,
                            37.867301
                        ],
                        [
                            -101.167014,
                            37.867095
                        ],
                        [
                            -101.166886,
                            37.866896
                        ],
                        [
                            -101.166741,
                            37.866703
                        ],
                        [
                            -101.166582,
                            37.866518
                        ],
                        [
                            -101.166408,
                            37.866341
                        ],
                        [
                            -101.16622,
                            37.866173
                        ],
                        [
                            -101.16602,
                            37.866015
                        ],
                        [
                            -101.165807,
                            37.865867
                        ],
                        [
                            -101.165583,
                            37.865729
                        ],
                        [
                            -101.165349,
                            37.865603
                        ],
                        [
                            -101.165104,
                            37.865489
                        ],
                        [
                            -101.164852,
                            37.865388
                        ],
                        [
                            -101.164592,
                            37.865299
                        ],
                        [
                            -101.164325,
                            37.865223
                        ],
                        [
                            -101.164052,
                            37.865161
                        ],
                        [
                            -101.163776,
                            37.865112
                        ],
                        [
                            -101.163496,
                            37.865077
                        ],
                        [
                            -101.163213,
                            37.865056
                        ],
                        [
                            -101.16293,
                            37.865049
                        ],
                        [
                            -101.162646,
                            37.865056
                        ],
                        [
                            -101.162364,
                            37.865077
                        ],
                        [
                            -101.162084,
                            37.865112
                        ],
                        [
                            -101.161807,
                            37.865161
                        ],
                        [
                            -101.161535,
                            37.865223
                        ],
                        [
                            -101.161268,
                            37.865299
                        ],
                        [
                            -101.161008,
                            37.865388
                        ],
                        [
                            -101.160755,
                            37.865489
                        ],
                        [
                            -101.160511,
                            37.865603
                        ],
                        [
                            -101.160276,
                            37.865729
                        ],
                        [
                            -101.160052,
                            37.865867
                        ],
                        [
                            -101.15984,
                            37.866015
                        ],
                        [
                            -101.159639,
                            37.866173
                        ],
                        [
                            -101.159451,
                            37.866341
                        ],
                        [
                            -101.159278,
                            37.866518
                        ],
                        [
                            -101.159118,
                            37.866703
                        ],
                        [
                            -101.158974,
                            37.866896
                        ],
                        [
                            -101.158845,
                            37.867095
                        ],
                        [
                            -101.158733,
                            37.867301
                        ],
                        [
                            -101.158636,
                            37.867511
                        ],
                        [
                            -101.158557,
                            37.867726
                        ],
                        [
                            -101.158495,
                            37.867945
                        ],
                        [
                            -101.158451,
                            37.868166
                        ],
                        [
                            -101.158416,
                            37.868612
                        ]
                    ]
                ]
            },
            "bbox": [
                -101.167444,
                37.865049,
                -101.158416,
                37.872176
            ]
        },
        {
            "type": "Feature",
            "properties": {
                "@circle": {
                    "type": "Mercator",
                    "center": [
                        -101.1533993,
                        37.8685719
                    ]
                }
            },
            "geometry": {
                "type": "Polygon",
                "coordinates": [
                    [
                        [
                            -101.149063,
                            37.868572
                        ],
                        [
                            -101.149072,
                            37.868787
                        ],
                        [
                            -101.149097,
                            37.869001
                        ],
                        [
                            -101.14914,
                            37.869213
                        ],
                        [
                            -101.149199,
                            37.869423
                        ],
                        [
                            -101.149275,
                            37.86963
                        ],
                        [
                            -101.149368,
                            37.869832
                        ],
                        [
                            -101.149476,
                            37.870029
                        ],
                        [
                            -101.149599,
                            37.870221
                        ],
                        [
                            -101.149738,
                            37.870406
                        ],
                        [
                            -101.149891,
                            37.870584
                        ],
                        [
                            -101.150058,
                            37.870754
                        ],
                        [
                            -101.150238,
                            37.870915
                        ],
                        [
                            -101.150431,
                            37.871067
                        ],
                        [
                            -101.150635,
                            37.871209
                        ],
                        [
                            -101.150851,
                            37.871341
                        ],
                        [
                            -101.151076,
                            37.871462
                        ],
                        [
                            -101.15131,
                            37.871572
                        ],
                        [
                            -101.151553,
                            37.871669
                        ],
                        [
                            -101.151803,
                            37.871755
                        ],
                        [
                            -101.152059,
                            37.871827
                        ],
                        [
                            -101.152321,
                            37.871887
                        ],
                        [
                            -101.152587,
                            37.871934
                        ],
                        [
                            -101.152856,
                            37.871968
                        ],
                        [
                            -101.153127,
                            37.871988
                        ],
                        [
                            -101.153399,
                            37.871995
                        ],
                        [
                            -101.153672,
                            37.871988
                        ],
                        [
                            -101.153943,
                            37.871968
                        ],
                        [
                            -101.154212,
                            37.871934
                        ],
                        [
                            -101.154478,
                            37.871887
                        ],
                        [
                            -101.154739,
                            37.871827
                        ],
                        [
                            -101.154996,
                            37.871755
                        ],
                        [
                            -101.155246,
                            37.871669
                        ],
                        [
                            -101.155488,
                            37.871572
                        ],
                        [
                            -101.155723,
                            37.871462
                        ],
                        [
                            -101.155948,
                            37.871341
                        ],
                        [
                            -101.156163,
                            37.871209
                        ],
                        [
                            -101.156368,
                            37.871067
                        ],
                        [
                            -101.15656,
                            37.870915
                        ],
                        [
                            -101.15674,
                            37.870754
                        ],
                        [
                            -101.156907,
                            37.870584
                        ],
                        [
                            -101.157061,
                            37.870406
                        ],
                        [
                            -101.157199,
                            37.870221
                        ],
                        [
                            -101.157323,
                            37.870029
                        ],
                        [
                            -101.157431,
                            37.869832
                        ],
                        [
                            -101.157523,
                            37.86963
                        ],
                        [
                            -101.157599,
                            37.869423
                        ],
                        [
                            -101.157659,
                            37.869213
                        ],
                        [
                            -101.157701,
                            37.869001
                        ],
                        [
                            -101.157727,
                            37.868787
                        ],
                        [
                            -101.157736,
                            37.868572
                        ],
                        [
                            -101.157727,
                            37.868357
                        ],
                        [
                            -101.157701,
                            37.868143
                        ],
                        [
                            -101.157659,
                            37.86793
                        ],
                        [
                            -101.157599,
                            37.867721
                        ],
                        [
                            -101.157523,
                            37.867514
                        ],
                        [
                            -101.157431,
                            37.867312
                        ],
                        [
                            -101.157323,
                            37.867114
                        ],
                        [
                            -101.157199,
                            37.866923
                        ],
                        [
                            -101.157061,
                            37.866738
                        ],
                        [
                            -101.156907,
                            37.86656
                        ],
                        [
                            -101.15674,
                            37.86639
                        ],
                        [
                            -101.15656,
                            37.866229
                        ],
                        [
                            -101.156368,
                            37.866077
                        ],
                        [
                            -101.156163,
                            37.865934
                        ],
                        [
                            -101.155948,
                            37.865803
                        ],
                        [
                            -101.155723,
                            37.865682
                        ],
                        [
                            -101.155488,
                            37.865572
                        ],
                        [
                            -101.155246,
                            37.865475
                        ],
                        [
                            -101.154996,
                            37.865389
                        ],
                        [
                            -101.154739,
                            37.865316
                        ],
                        [
                            -101.154478,
                            37.865256
                        ],
                        [
                            -101.154212,
                            37.865209
                        ],
                        [
                            -101.153943,
                            37.865176
                        ],
                        [
                            -101.153672,
                            37.865155
                        ],
                        [
                            -101.153399,
                            37.865149
                        ],
                        [
                            -101.153127,
                            37.865155
                        ],
                        [
                            -101.152856,
                            37.865176
                        ],
                        [
                            -101.152587,
                            37.865209
                        ],
                        [
                            -101.152321,
                            37.865256
                        ],
                        [
                            -101.152059,
                            37.865316
                        ],
                        [
                            -101.151803,
                            37.865389
                        ],
                        [
                            -101.151553,
                            37.865475
                        ],
                        [
                            -101.15131,
                            37.865572
                        ],
                        [
                            -101.151076,
                            37.865682
                        ],
                        [
                            -101.150851,
                            37.865803
                        ],
                        [
                            -101.150635,
                            37.865934
                        ],
                        [
                            -101.150431,
                            37.866077
                        ],
                        [
                            -101.150238,
                            37.866229
                        ],
                        [
                            -101.150058,
                            37.86639
                        ],
                        [
                            -101.149891,
                            37.86656
                        ],
                        [
                            -101.149738,
                            37.866738
                        ],
                        [
                            -101.149599,
                            37.866923
                        ],
                        [
                            -101.149476,
                            37.867114
                        ],
                        [
                            -101.149368,
                            37.867312
                        ],
                        [
                            -101.149275,
                            37.867514
                        ],
                        [
                            -101.149199,
                            37.867721
                        ],
                        [
                            -101.14914,
                            37.86793
                        ],
                        [
                            -101.149097,
                            37.868143
                        ],
                        [
                            -101.149063,
                            37.868572
                        ]
                    ]
                ]
            },
            "bbox": [
                -101.157736,
                37.865149,
                -101.149063,
                37.871995
            ]
        },
        {
            "type": "Feature",
            "properties": {
                "@circle": {
                    "type": "Mercator",
                    "center": [
                        -101.1442789,
                        37.8685315
                    ]
                }
            },
            "geometry": {
                "type": "Polygon",
                "coordinates": [
                    [
                        [
                            -101.139982,
                            37.868531
                        ],
                        [
                            -101.13999,
                            37.868744
                        ],
                        [
                            -101.140015,
                            37.868957
                        ],
                        [
                            -101.140058,
                            37.869167
                        ],
                        [
                            -101.140117,
                            37.869375
                        ],
                        [
                            -101.140192,
                            37.86958
                        ],
                        [
                            -101.140283,
                            37.86978
                        ],
                        [
                            -101.140391,
                            37.869976
                        ],
                        [
                            -101.140513,
                            37.870166
                        ],
                        [
                            -101.140651,
                            37.870349
                        ],
                        [
                            -101.140802,
                            37.870525
                        ],
                        [
                            -101.140968,
                            37.870694
                        ],
                        [
                            -101.141146,
                            37.870854
                        ],
                        [
                            -101.141337,
                            37.871004
                        ],
                        [
                            -101.14154,
                            37.871145
                        ],
                        [
                            -101.141753,
                            37.871276
                        ],
                        [
                            -101.141976,
                            37.871396
                        ],
                        [
                            -101.142209,
                            37.871504
                        ],
                        [
                            -101.142449,
                            37.871601
                        ],
                        [
                            -101.142697,
                            37.871686
                        ],
                        [
                            -101.142951,
                            37.871758
                        ],
                        [
                            -101.14321,
                            37.871817
                        ],
                        [
                            -101.143474,
                            37.871864
                        ],
                        [
                            -101.14374,
                            37.871897
                        ],
                        [
                            -101.144009,
                            37.871917
                        ],
                        [
                            -101.144279,
                            37.871924
                        ],
                        [
                            -101.144549,
                            37.871917
                        ],
                        [
                            -101.144817,
                            37.871897
                        ],
                        [
                            -101.145084,
                            37.871864
                        ],
                        [
                            -101.145348,
                            37.871817
                        ],
                        [
                            -101.145607,
                            37.871758
                        ],
                        [
                            -101.145861,
                            37.871686
                        ],
                        [
                            -101.146109,
                            37.871601
                        ],
                        [
                            -101.146349,
                            37.871504
                        ],
                        [
                            -101.146582,
                            37.871396
                        ],
                        [
                            -101.146805,
                            37.871276
                        ],
                        [
                            -101.147018,
                            37.871145
                        ],
                        [
                            -101.147221,
                            37.871004
                        ],
                        [
                            -101.147412,
                            37.870854
                        ],
                        [
                            -101.14759,
                            37.870694
                        ],
                        [
                            -101.147756,
                            37.870525
                        ],
                        [
                            -101.147907,
                            37.870349
                        ],
                        [
                            -101.148045,
                            37.870166
                        ],
                        [
                            -101.148167,
                            37.869976
                        ],
                        [
                            -101.148274,
                            37.86978
                        ],
                        [
                            -101.148366,
                            37.86958
                        ],
                        [
                            -101.148441,
                            37.869375
                        ],
                        [
                            -101.1485,
                            37.869167
                        ],
                        [
                            -101.148542,
                            37.868957
                        ],
                        [
                            -101.148568,
                            37.868744
                        ],
                        [
                            -101.148576,
                            37.868531
                        ],
                        [
                            -101.148568,
                            37.868318
                        ],
                        [
                            -101.148542,
                            37.868106
                        ],
                        [
                            -101.1485,
                            37.867896
                        ],
                        [
                            -101.148441,
                            37.867688
                        ],
                        [
                            -101.148366,
                            37.867483
                        ],
                        [
                            -101.148274,
                            37.867283
                        ],
                        [
                            -101.148167,
                            37.867087
                        ],
                        [
                            -101.148045,
                            37.866897
                        ],
                        [
                            -101.147907,
                            37.866714
                        ],
                        [
                            -101.147756,
                            37.866537
                        ],
                        [
                            -101.14759,
                            37.866369
                        ],
                        [
                            -101.147412,
                            37.866209
                        ],
                        [
                            -101.147221,
                            37.866058
                        ],
                        [
                            -101.147018,
                            37.865918
                        ],
                        [
                            -101.146805,
                            37.865787
                        ],
                        [
                            -101.146582,
                            37.865667
                        ],
                        [
                            -101.146349,
                            37.865559
                        ],
                        [
                            -101.146109,
                            37.865462
                        ],
                        [
                            -101.145861,
                            37.865377
                        ],
                        [
                            -101.145607,
                            37.865305
                        ],
                        [
                            -101.145348,
                            37.865246
                        ],
                        [
                            -101.145084,
                            37.865199
                        ],
                        [
                            -101.144817,
                            37.865166
                        ],
                        [
                            -101.144549,
                            37.865146
                        ],
                        [
                            -101.144279,
                            37.865139
                        ],
                        [
                            -101.144009,
                            37.865146
                        ],
                        [
                            -101.14374,
                            37.865166
                        ],
                        [
                            -101.143474,
                            37.865199
                        ],
                        [
                            -101.14321,
                            37.865246
                        ],
                        [
                            -101.142951,
                            37.865305
                        ],
                        [
                            -101.142697,
                            37.865377
                        ],
                        [
                            -101.142449,
                            37.865462
                        ],
                        [
                            -101.142209,
                            37.865559
                        ],
                        [
                            -101.141976,
                            37.865667
                        ],
                        [
                            -101.141753,
                            37.865787
                        ],
                        [
                            -101.14154,
                            37.865918
                        ],
                        [
                            -101.141337,
                            37.866058
                        ],
                        [
                            -101.141146,
                            37.866209
                        ],
                        [
                            -101.140968,
                            37.866369
                        ],
                        [
                            -101.140802,
                            37.866537
                        ],
                        [
                            -101.140651,
                            37.866714
                        ],
                        [
                            -101.140513,
                            37.866897
                        ],
                        [
                            -101.140391,
                            37.867087
                        ],
                        [
                            -101.140283,
                            37.867283
                        ],
                        [
                            -101.140192,
                            37.867483
                        ],
                        [
                            -101.140117,
                            37.867688
                        ],
                        [
                            -101.140058,
                            37.867896
                        ],
                        [
                            -101.140015,
                            37.868106
                        ],
                        [
                            -101.139982,
                            37.868531
                        ]
                    ]
                ]
            },
            "bbox": [
                -101.148576,
                37.865139,
                -101.139982,
                37.871924
            ]
        },
        {
            "type": "Feature",
            "properties": {
                "@circle": {
                    "type": "Mercator",
                    "center": [
                        -101.1354146,
                        37.8688955
                    ]
                }
            },
            "geometry": {
                "type": "Polygon",
                "coordinates": [
                    [
                        [
                            -101.130813,
                            37.868896
                        ],
                        [
                            -101.130822,
                            37.869124
                        ],
                        [
                            -101.130849,
                            37.869351
                        ],
                        [
                            -101.130895,
                            37.869576
                        ],
                        [
                            -101.130958,
                            37.869799
                        ],
                        [
                            -101.131038,
                            37.870018
                        ],
                        [
                            -101.131136,
                            37.870233
                        ],
                        [
                            -101.131251,
                            37.870442
                        ],
                        [
                            -101.131382,
                            37.870645
                        ],
                        [
                            -101.131529,
                            37.870842
                        ],
                        [
                            -101.131692,
                            37.871031
                        ],
                        [
                            -101.131869,
                            37.871211
                        ],
                        [
                            -101.13206,
                            37.871382
                        ],
                        [
                            -101.132265,
                            37.871543
                        ],
                        [
                            -101.132481,
                            37.871694
                        ],
                        [
                            -101.13271,
                            37.871834
                        ],
                        [
                            -101.132949,
                            37.871962
                        ],
                        [
                            -101.133198,
                            37.872079
                        ],
                        [
                            -101.133455,
                            37.872182
                        ],
                        [
                            -101.133721,
                            37.872273
                        ],
                        [
                            -101.133993,
                            37.87235
                        ],
                        [
                            -101.13427,
                            37.872414
                        ],
                        [
                            -101.134552,
                            37.872464
                        ],
                        [
                            -101.134838,
                            37.872499
                        ],
                        [
                            -101.135126,
                            37.872521
                        ],
                        [
                            -101.135415,
                            37.872528
                        ],
                        [
                            -101.135704,
                            37.872521
                        ],
                        [
                            -101.135991,
                            37.872499
                        ],
                        [
                            -101.136277,
                            37.872464
                        ],
                        [
                            -101.136559,
                            37.872414
                        ],
                        [
                            -101.136837,
                            37.87235
                        ],
                        [
                            -101.137109,
                            37.872273
                        ],
                        [
                            -101.137374,
                            37.872182
                        ],
                        [
                            -101.137631,
                            37.872079
                        ],
                        [
                            -101.13788,
                            37.871962
                        ],
                        [
                            -101.138119,
                            37.871834
                        ],
                        [
                            -101.138348,
                            37.871694
                        ],
                        [
                            -101.138565,
                            37.871543
                        ],
                        [
                            -101.138769,
                            37.871382
                        ],
                        [
                            -101.13896,
                            37.871211
                        ],
                        [
                            -101.139137,
                            37.871031
                        ],
                        [
                            -101.1393,
                            37.870842
                        ],
                        [
                            -101.139447,
                            37.870645
                        ],
                        [
                            -101.139578,
                            37.870442
                        ],
                        [
                            -101.139693,
                            37.870233
                        ],
                        [
                            -101.139791,
                            37.870018
                        ],
                        [
                            -101.139872,
                            37.869799
                        ],
                        [
                            -101.139935,
                            37.869576
                        ],
                        [
                            -101.13998,
                            37.869351
                        ],
                        [
                            -101.140007,
                            37.869124
                        ],
                        [
                            -101.140016,
                            37.868896
                        ],
                        [
                            -101.140007,
                            37.868667
                        ],
                        [
                            -101.13998,
                            37.86844
                        ],
                        [
                            -101.139935,
                            37.868215
                        ],
                        [
                            -101.139872,
                            37.867992
                        ],
                        [
                            -101.139791,
                            37.867773
                        ],
                        [
                            -101.139693,
                            37.867558
                        ],
                        [
                            -101.139578,
                            37.867349
                        ],
                        [
                            -101.139447,
                            37.867146
                        ],
                        [
                            -101.1393,
                            37.866949
                        ],
                        [
                            -101.139137,
                            37.86676
                        ],
                        [
                            -101.13896,
                            37.86658
                        ],
                        [
                            -101.138769,
                            37.866409
                        ],
                        [
                            -101.138565,
                            37.866247
                        ],
                        [
                            -101.138348,
                            37.866097
                        ],
                        [
                            -101.138119,
                            37.865957
                        ],
                        [
                            -101.13788,
                            37.865828
                        ],
                        [
                            -101.137631,
                            37.865712
                        ],
                        [
                            -101.137374,
                            37.865609
                        ],
                        [
                            -101.137109,
                            37.865518
                        ],
                        [
                            -101.136837,
                            37.865441
                        ],
                        [
                            -101.136559,
                            37.865377
                        ],
                        [
                            -101.136277,
                            37.865327
                        ],
                        [
                            -101.135991,
                            37.865292
                        ],
                        [
                            -101.135704,
                            37.86527
                        ],
                        [
                            -101.135415,
                            37.865263
                        ],
                        [
                            -101.135126,
                            37.86527
                        ],
                        [
                            -101.134838,
                            37.865292
                        ],
                        [
                            -101.134552,
                            37.865327
                        ],
                        [
                            -101.13427,
                            37.865377
                        ],
                        [
                            -101.133993,
                            37.865441
                        ],
                        [
                            -101.133721,
                            37.865518
                        ],
                        [
                            -101.133455,
                            37.865609
                        ],
                        [
                            -101.133198,
                            37.865712
                        ],
                        [
                            -101.132949,
                            37.865828
                        ],
                        [
                            -101.13271,
                            37.865957
                        ],
                        [
                            -101.132481,
                            37.866097
                        ],
                        [
                            -101.132265,
                            37.866247
                        ],
                        [
                            -101.13206,
                            37.866409
                        ],
                        [
                            -101.131869,
                            37.86658
                        ],
                        [
                            -101.131692,
                            37.86676
                        ],
                        [
                            -101.131529,
                            37.866949
                        ],
                        [
                            -101.131382,
                            37.867146
                        ],
                        [
                            -101.131251,
                            37.867349
                        ],
                        [
                            -101.131136,
                            37.867558
                        ],
                        [
                            -101.131038,
                            37.867773
                        ],
                        [
                            -101.130958,
                            37.867992
                        ],
                        [
                            -101.130895,
                            37.868215
                        ],
                        [
                            -101.130849,
                            37.86844
                        ],
                        [
                            -101.130813,
                            37.868896
                        ]
                    ]
                ]
            },
            "bbox": [
                -101.140016,
                37.865263,
                -101.130813,
                37.872528
            ]
        },
        {
            "type": "Feature",
            "properties": {
                "@circle": {
                    "type": "Mercator",
                    "center": [
                        -101.1264478,
                        37.868936
                    ]
                }
            },
            "geometry": {
                "type": "Polygon",
                "coordinates": [
                    [
                        [
                            -101.122167,
                            37.868936
                        ],
                        [
                            -101.122175,
                            37.869148
                        ],
                        [
                            -101.122201,
                            37.86936
                        ],
                        [
                            -101.122243,
                            37.869569
                        ],
                        [
                            -101.122301,
                            37.869776
                        ],
                        [
                            -101.122376,
                            37.86998
                        ],
                        [
                            -101.122468,
                            37.87018
                        ],
                        [
                            -101.122574,
                            37.870375
                        ],
                        [
                            -101.122696,
                            37.870564
                        ],
                        [
                            -101.122833,
                            37.870747
                        ],
                        [
                            -101.122985,
                            37.870922
                        ],
                        [
                            -101.123149,
                            37.87109
                        ],
                        [
                            -101.123327,
                            37.871249
                        ],
                        [
                            -101.123517,
                            37.871399
                        ],
                        [
                            -101.123719,
                            37.87154
                        ],
                        [
                            -101.123932,
                            37.87167
                        ],
                        [
                            -101.124154,
                            37.871789
                        ],
                        [
                            -101.124385,
                            37.871897
                        ],
                        [
                            -101.124625,
                            37.871994
                        ],
                        [
                            -101.124872,
                            37.872078
                        ],
                        [
                            -101.125125,
                            37.87215
                        ],
                        [
                            -101.125383,
                            37.872209
                        ],
                        [
                            -101.125646,
                            37.872255
                        ],
                        [
                            -101.125911,
                            37.872289
                        ],
                        [
                            -101.126179,
                            37.872309
                        ],
                        [
                            -101.126448,
                            37.872315
                        ],
                        [
                            -101.126717,
                            37.872309
                        ],
                        [
                            -101.126984,
                            37.872289
                        ],
                        [
                            -101.12725,
                            37.872255
                        ],
                        [
                            -101.127512,
                            37.872209
                        ],
                        [
                            -101.127771,
                            37.87215
                        ],
                        [
                            -101.128024,
                            37.872078
                        ],
                        [
                            -101.12827,
                            37.871994
                        ],
                        [
                            -101.12851,
                            37.871897
                        ],
                        [
                            -101.128742,
                            37.871789
                        ],
                        [
                            -101.128964,
                            37.87167
                        ],
                        [
                            -101.129176,
                            37.87154
                        ],
                        [
                            -101.129378,
                            37.871399
                        ],
                        [
                            -101.129568,
                            37.871249
                        ],
                        [
                            -101.129746,
                            37.87109
                        ],
                        [
                            -101.129911,
                            37.870922
                        ],
                        [
                            -101.130062,
                            37.870747
                        ],
                        [
                            -101.130199,
                            37.870564
                        ],
                        [
                            -101.130321,
                            37.870375
                        ],
                        [
                            -101.130428,
                            37.87018
                        ],
                        [
                            -101.130519,
                            37.86998
                        ],
                        [
                            -101.130594,
                            37.869776
                        ],
                        [
                            -101.130653,
                            37.869569
                        ],
                        [
                            -101.130695,
                            37.86936
                        ],
                        [
                            -101.13072,
                            37.869148
                        ],
                        [
                            -101.130729,
                            37.868936
                        ],
                        [
                            -101.13072,
                            37.868724
                        ],
                        [
                            -101.130695,
                            37.868512
                        ],
                        [
                            -101.130653,
                            37.868303
                        ],
                        [
                            -101.130594,
                            37.868096
                        ],
                        [
                            -101.130519,
                            37.867892
                        ],
                        [
                            -101.130428,
                            37.867692
                        ],
                        [
                            -101.130321,
                            37.867497
                        ],
                        [
                            -101.130199,
                            37.867308
                        ],
                        [
                            -101.130062,
                            37.867125
                        ],
                        [
                            -101.129911,
                            37.86695
                        ],
                        [
                            -101.129746,
                            37.866782
                        ],
                        [
                            -101.129568,
                            37.866623
                        ],
                        [
                            -101.129378,
                            37.866473
                        ],
                        [
                            -101.129176,
                            37.866332
                        ],
                        [
                            -101.128964,
                            37.866202
                        ],
                        [
                            -101.128742,
                            37.866083
                        ],
                        [
                            -101.12851,
                            37.865975
                        ],
                        [
                            -101.12827,
                            37.865878
                        ],
                        [
                            -101.128024,
                            37.865794
                        ],
                        [
                            -101.127771,
                            37.865722
                        ],
                        [
                            -101.127512,
                            37.865663
                        ],
                        [
                            -101.12725,
                            37.865616
                        ],
                        [
                            -101.126984,
                            37.865583
                        ],
                        [
                            -101.126717,
                            37.865563
                        ],
                        [
                            -101.126448,
                            37.865557
                        ],
                        [
                            -101.126179,
                            37.865563
                        ],
                        [
                            -101.125911,
                            37.865583
                        ],
                        [
                            -101.125646,
                            37.865616
                        ],
                        [
                            -101.125383,
                            37.865663
                        ],
                        [
                            -101.125125,
                            37.865722
                        ],
                        [
                            -101.124872,
                            37.865794
                        ],
                        [
                            -101.124625,
                            37.865878
                        ],
                        [
                            -101.124385,
                            37.865975
                        ],
                        [
                            -101.124154,
                            37.866083
                        ],
                        [
                            -101.123932,
                            37.866202
                        ],
                        [
                            -101.123719,
                            37.866332
                        ],
                        [
                            -101.123517,
                            37.866473
                        ],
                        [
                            -101.123327,
                            37.866623
                        ],
                        [
                            -101.123149,
                            37.866782
                        ],
                        [
                            -101.122985,
                            37.86695
                        ],
                        [
                            -101.122833,
                            37.867125
                        ],
                        [
                            -101.122696,
                            37.867308
                        ],
                        [
                            -101.122574,
                            37.867497
                        ],
                        [
                            -101.122468,
                            37.867692
                        ],
                        [
                            -101.122376,
                            37.867892
                        ],
                        [
                            -101.122301,
                            37.868096
                        ],
                        [
                            -101.122243,
                            37.868303
                        ],
                        [
                            -101.122201,
                            37.868512
                        ],
                        [
                            -101.122167,
                            37.868936
                        ]
                    ]
                ]
            },
            "bbox": [
                -101.130729,
                37.865557,
                -101.122167,
                37.872315
            ]
        },
        {
            "type": "Feature",
            "properties": {
                "@circle": {
                    "type": "Mercator",
                    "center": [
                        -101.1723064,
                        37.8612908
                    ]
                }
            },
            "geometry": {
                "type": "Polygon",
                "coordinates": [
                    [
                        [
                            -101.167771,
                            37.861291
                        ],
                        [
                            -101.16778,
                            37.861516
                        ],
                        [
                            -101.167807,
                            37.86174
                        ],
                        [
                            -101.167852,
                            37.861962
                        ],
                        [
                            -101.167914,
                            37.862181
                        ],
                        [
                            -101.167993,
                            37.862397
                        ],
                        [
                            -101.16809,
                            37.862609
                        ],
                        [
                            -101.168203,
                            37.862815
                        ],
                        [
                            -101.168332,
                            37.863016
                        ],
                        [
                            -101.168477,
                            37.863209
                        ],
                        [
                            -101.168637,
                            37.863395
                        ],
                        [
                            -101.168812,
                            37.863573
                        ],
                        [
                            -101.169,
                            37.863742
                        ],
                        [
                            -101.169202,
                            37.863901
                        ],
                        [
                            -101.169416,
                            37.86405
                        ],
                        [
                            -101.169641,
                            37.864187
                        ],
                        [
                            -101.169876,
                            37.864314
                        ],
                        [
                            -101.170122,
                            37.864428
                        ],
                        [
                            -101.170375,
                            37.86453
                        ],
                        [
                            -101.170637,
                            37.86462
                        ],
                        [
                            -101.170905,
                            37.864696
                        ],
                        [
                            -101.171179,
                            37.864759
                        ],
                        [
                            -101.171457,
                            37.864808
                        ],
                        [
                            -101.171738,
                            37.864843
                        ],
                        [
                            -101.172022,
                            37.864864
                        ],
                        [
                            -101.172306,
                            37.864871
                        ],
                        [
                            -101.172591,
                            37.864864
                        ],
                        [
                            -101.172875,
                            37.864843
                        ],
                        [
                            -101.173156,
                            37.864808
                        ],
                        [
                            -101.173434,
                            37.864759
                        ],
                        [
                            -101.173708,
                            37.864696
                        ],
                        [
                            -101.173976,
                            37.86462
                        ],
                        [
                            -101.174237,
                            37.86453
                        ],
                        [
                            -101.174491,
                            37.864428
                        ],
                        [
                            -101.174736,
                            37.864314
                        ],
                        [
                            -101.174972,
                            37.864187
                        ],
                        [
                            -101.175197,
                            37.86405
                        ],
                        [
                            -101.175411,
                            37.863901
                        ],
                        [
                            -101.175612,
                            37.863742
                        ],
                        [
                            -101.175801,
                            37.863573
                        ],
                        [
                            -101.175975,
                            37.863395
                        ],
                        [
                            -101.176136,
                            37.863209
                        ],
                        [
                            -101.176281,
                            37.863016
                        ],
                        [
                            -101.17641,
                            37.862815
                        ],
                        [
                            -101.176523,
                            37.862609
                        ],
                        [
                            -101.17662,
                            37.862397
                        ],
                        [
                            -101.176699,
                            37.862181
                        ],
                        [
                            -101.176761,
                            37.861962
                        ],
                        [
                            -101.176806,
                            37.86174
                        ],
                        [
                            -101.176833,
                            37.861516
                        ],
                        [
                            -101.176842,
                            37.861291
                        ],
                        [
                            -101.176833,
                            37.861066
                        ],
                        [
                            -101.176806,
                            37.860842
                        ],
                        [
                            -101.176761,
                            37.86062
                        ],
                        [
                            -101.176699,
                            37.8604
                        ],
                        [
                            -101.17662,
                            37.860184
                        ],
                        [
                            -101.176523,
                            37.859973
                        ],
                        [
                            -101.17641,
                            37.859766
                        ],
                        [
                            -101.176281,
                            37.859566
                        ],
                        [
                            -101.176136,
                            37.859372
                        ],
                        [
                            -101.175975,
                            37.859186
                        ],
                        [
                            -101.175801,
                            37.859008
                        ],
                        [
                            -101.175612,
                            37.85884
                        ],
                        [
                            -101.175411,
                            37.858681
                        ],
                        [
                            -101.175197,
                            37.858532
                        ],
                        [
                            -101.174972,
                            37.858394
                        ],
                        [
                            -101.174736,
                            37.858268
                        ],
                        [
                            -101.174491,
                            37.858153
                        ],
                        [
                            -101.174237,
                            37.858051
                        ],
                        [
                            -101.173976,
                            37.857962
                        ],
                        [
                            -101.173708,
                            37.857885
                        ],
                        [
                            -101.173434,
                            37.857823
                        ],
                        [
                            -101.173156,
                            37.857774
                        ],
                        [
                            -101.172875,
                            37.857738
                        ],
                        [
                            -101.172591,
                            37.857717
                        ],
                        [
                            -101.172306,
                            37.85771
                        ],
                        [
                            -101.172022,
                            37.857717
                        ],
                        [
                            -101.171738,
                            37.857738
                        ],
                        [
                            -101.171457,
                            37.857774
                        ],
                        [
                            -101.171179,
                            37.857823
                        ],
                        [
                            -101.170905,
                            37.857885
                        ],
                        [
                            -101.170637,
                            37.857962
                        ],
                        [
                            -101.170375,
                            37.858051
                        ],
                        [
                            -101.170122,
                            37.858153
                        ],
                        [
                            -101.169876,
                            37.858268
                        ],
                        [
                            -101.169641,
                            37.858394
                        ],
                        [
                            -101.169416,
                            37.858532
                        ],
                        [
                            -101.169202,
                            37.858681
                        ],
                        [
                            -101.169,
                            37.85884
                        ],
                        [
                            -101.168812,
                            37.859008
                        ],
                        [
                            -101.168637,
                            37.859186
                        ],
                        [
                            -101.168477,
                            37.859372
                        ],
                        [
                            -101.168332,
                            37.859566
                        ],
                        [
                            -101.168203,
                            37.859766
                        ],
                        [
                            -101.16809,
                            37.859973
                        ],
                        [
                            -101.167993,
                            37.860184
                        ],
                        [
                            -101.167914,
                            37.8604
                        ],
                        [
                            -101.167852,
                            37.86062
                        ],
                        [
                            -101.167807,
                            37.860842
                        ],
                        [
                            -101.167771,
                            37.861291
                        ]
                    ]
                ]
            },
            "bbox": [
                -101.176842,
                37.85771,
                -101.167771,
                37.864871
            ]
        },
        {
            "type": "Feature",
            "properties": {
                "@circle": {
                    "type": "Mercator",
                    "center": [
                        -101.162981,
                        37.8615335
                    ]
                }
            },
            "geometry": {
                "type": "Polygon",
                "coordinates": [
                    [
                        [
                            -101.158334,
                            37.861533
                        ],
                        [
                            -101.158344,
                            37.861764
                        ],
                        [
                            -101.158371,
                            37.861993
                        ],
                        [
                            -101.158417,
                            37.862221
                        ],
                        [
                            -101.15848,
                            37.862446
                        ],
                        [
                            -101.158562,
                            37.862667
                        ],
                        [
                            -101.158661,
                            37.862884
                        ],
                        [
                            -101.158777,
                            37.863095
                        ],
                        [
                            -101.158909,
                            37.863301
                        ],
                        [
                            -101.159058,
                            37.863499
                        ],
                        [
                            -101.159222,
                            37.86369
                        ],
                        [
                            -101.159401,
                            37.863872
                        ],
                        [
                            -101.159594,
                            37.864045
                        ],
                        [
                            -101.1598,
                            37.864208
                        ],
                        [
                            -101.160019,
                            37.86436
                        ],
                        [
                            -101.16025,
                            37.864501
                        ],
                        [
                            -101.160491,
                            37.864631
                        ],
                        [
                            -101.160742,
                            37.864748
                        ],
                        [
                            -101.161003,
                            37.864853
                        ],
                        [
                            -101.16127,
                            37.864944
                        ],
                        [
                            -101.161545,
                            37.865022
                        ],
                        [
                            -101.161825,
                            37.865087
                        ],
                        [
                            -101.16211,
                            37.865137
                        ],
                        [
                            -101.162399,
                            37.865173
                        ],
                        [
                            -101.162689,
                            37.865195
                        ],
                        [
                            -101.162981,
                            37.865202
                        ],
                        [
                            -101.163273,
                            37.865195
                        ],
                        [
                            -101.163563,
                            37.865173
                        ],
                        [
                            -101.163852,
                            37.865137
                        ],
                        [
                            -101.164137,
                            37.865087
                        ],
                        [
                            -101.164417,
                            37.865022
                        ],
                        [
                            -101.164692,
                            37.864944
                        ],
                        [
                            -101.164959,
                            37.864853
                        ],
                        [
                            -101.16522,
                            37.864748
                        ],
                        [
                            -101.165471,
                            37.864631
                        ],
                        [
                            -101.165712,
                            37.864501
                        ],
                        [
                            -101.165943,
                            37.86436
                        ],
                        [
                            -101.166162,
                            37.864208
                        ],
                        [
                            -101.166368,
                            37.864045
                        ],
                        [
                            -101.166561,
                            37.863872
                        ],
                        [
                            -101.16674,
                            37.86369
                        ],
                        [
                            -101.166904,
                            37.863499
                        ],
                        [
                            -101.167053,
                            37.863301
                        ],
                        [
                            -101.167185,
                            37.863095
                        ],
                        [
                            -101.167301,
                            37.862884
                        ],
                        [
                            -101.1674,
                            37.862667
                        ],
                        [
                            -101.167482,
                            37.862446
                        ],
                        [
                            -101.167545,
                            37.862221
                        ],
                        [
                            -101.167591,
                            37.861993
                        ],
                        [
                            -101.167618,
                            37.861764
                        ],
                        [
                            -101.167628,
                            37.861533
                        ],
                        [
                            -101.167618,
                            37.861303
                        ],
                        [
                            -101.167591,
                            37.861074
                        ],
                        [
                            -101.167545,
                            37.860846
                        ],
                        [
                            -101.167482,
                            37.860621
                        ],
                        [
                            -101.1674,
                            37.8604
                        ],
                        [
                            -101.167301,
                            37.860183
                        ],
                        [
                            -101.167185,
                            37.859972
                        ],
                        [
                            -101.167053,
                            37.859766
                        ],
                        [
                            -101.166904,
                            37.859568
                        ],
                        [
                            -101.16674,
                            37.859377
                        ],
                        [
                            -101.166561,
                            37.859195
                        ],
                        [
                            -101.166368,
                            37.859022
                        ],
                        [
                            -101.166162,
                            37.858859
                        ],
                        [
                            -101.165943,
                            37.858707
                        ],
                        [
                            -101.165712,
                            37.858566
                        ],
                        [
                            -101.165471,
                            37.858436
                        ],
                        [
                            -101.16522,
                            37.858319
                        ],
                        [
                            -101.164959,
                            37.858214
                        ],
                        [
                            -101.164692,
                            37.858123
                        ],
                        [
                            -101.164417,
                            37.858044
                        ],
                        [
                            -101.164137,
                            37.85798
                        ],
                        [
                            -101.163852,
                            37.85793
                        ],
                        [
                            -101.163563,
                            37.857894
                        ],
                        [
                            -101.163273,
                            37.857872
                        ],
                        [
                            -101.162981,
                            37.857865
                        ],
                        [
                            -101.162689,
                            37.857872
                        ],
                        [
                            -101.162399,
                            37.857894
                        ],
                        [
                            -101.16211,
                            37.85793
                        ],
                        [
                            -101.161825,
                            37.85798
                        ],
                        [
                            -101.161545,
                            37.858044
                        ],
                        [
                            -101.16127,
                            37.858123
                        ],
                        [
                            -101.161003,
                            37.858214
                        ],
                        [
                            -101.160742,
                            37.858319
                        ],
                        [
                            -101.160491,
                            37.858436
                        ],
                        [
                            -101.16025,
                            37.858566
                        ],
                        [
                            -101.160019,
                            37.858707
                        ],
                        [
                            -101.1598,
                            37.858859
                        ],
                        [
                            -101.159594,
                            37.859022
                        ],
                        [
                            -101.159401,
                            37.859195
                        ],
                        [
                            -101.159222,
                            37.859377
                        ],
                        [
                            -101.159058,
                            37.859568
                        ],
                        [
                            -101.158909,
                            37.859766
                        ],
                        [
                            -101.158777,
                            37.859972
                        ],
                        [
                            -101.158661,
                            37.860183
                        ],
                        [
                            -101.158562,
                            37.8604
                        ],
                        [
                            -101.15848,
                            37.860621
                        ],
                        [
                            -101.158417,
                            37.860846
                        ],
                        [
                            -101.158371,
                            37.861074
                        ],
                        [
                            -101.158334,
                            37.861533
                        ]
                    ]
                ]
            },
            "bbox": [
                -101.167628,
                37.857865,
                -101.158334,
                37.865202
            ]
        },
        {
            "type": "Feature",
            "properties": {
                "@circle": {
                    "type": "Mercator",
                    "center": [
                        -101.1537068,
                        37.8614121
                    ]
                }
            },
            "geometry": {
                "type": "Polygon",
                "coordinates": [
                    [
                        [
                            -101.149055,
                            37.861412
                        ],
                        [
                            -101.149064,
                            37.861643
                        ],
                        [
                            -101.149092,
                            37.861872
                        ],
                        [
                            -101.149137,
                            37.8621
                        ],
                        [
                            -101.149201,
                            37.862325
                        ],
                        [
                            -101.149283,
                            37.862547
                        ],
                        [
                            -101.149382,
                            37.862764
                        ],
                        [
                            -101.149498,
                            37.862976
                        ],
                        [
                            -101.14963,
                            37.863181
                        ],
                        [
                            -101.149779,
                            37.86338
                        ],
                        [
                            -101.149943,
                            37.863571
                        ],
                        [
                            -101.150123,
                            37.863753
                        ],
                        [
                            -101.150316,
                            37.863926
                        ],
                        [
                            -101.150522,
                            37.864089
                        ],
                        [
                            -101.150742,
                            37.864242
                        ],
                        [
                            -101.150973,
                            37.864383
                        ],
                        [
                            -101.151214,
                            37.864513
                        ],
                        [
                            -101.151466,
                            37.86463
                        ],
                        [
                            -101.151726,
                            37.864735
                        ],
                        [
                            -101.151994,
                            37.864827
                        ],
                        [
                            -101.152269,
                            37.864905
                        ],
                        [
                            -101.15255,
                            37.864969
                        ],
                        [
                            -101.152835,
                            37.86502
                        ],
                        [
                            -101.153124,
                            37.865056
                        ],
                        [
                            -101.153415,
                            37.865077
                        ],
                        [
                            -101.153707,
                            37.865085
                        ],
                        [
                            -101.153999,
                            37.865077
                        ],
                        [
                            -101.15429,
                            37.865056
                        ],
                        [
                            -101.154578,
                            37.86502
                        ],
                        [
                            -101.154864,
                            37.864969
                        ],
                        [
                            -101.155144,
                            37.864905
                        ],
                        [
                            -101.155419,
                            37.864827
                        ],
                        [
                            -101.155687,
                            37.864735
                        ],
                        [
                            -101.155948,
                            37.86463
                        ],
                        [
                            -101.156199,
                            37.864513
                        ],
                        [
                            -101.156441,
                            37.864383
                        ],
                        [
                            -101.156672,
                            37.864242
                        ],
                        [
                            -101.156891,
                            37.864089
                        ],
                        [
                            -101.157098,
                            37.863926
                        ],
                        [
                            -101.157291,
                            37.863753
                        ],
                        [
                            -101.15747,
                            37.863571
                        ],
                        [
                            -101.157634,
                            37.86338
                        ],
                        [
                            -101.157783,
                            37.863181
                        ],
                        [
                            -101.157916,
                            37.862976
                        ],
                        [
                            -101.158032,
                            37.862764
                        ],
                        [
                            -101.158131,
                            37.862547
                        ],
                        [
                            -101.158212,
                            37.862325
                        ],
                        [
                            -101.158276,
                            37.8621
                        ],
                        [
                            -101.158322,
                            37.861872
                        ],
                        [
                            -101.158349,
                            37.861643
                        ],
                        [
                            -101.158359,
                            37.861412
                        ],
                        [
                            -101.158349,
                            37.861182
                        ],
                        [
                            -101.158322,
                            37.860952
                        ],
                        [
                            -101.158276,
                            37.860724
                        ],
                        [
                            -101.158212,
                            37.860499
                        ],
                        [
                            -101.158131,
                            37.860277
                        ],
                        [
                            -101.158032,
                            37.86006
                        ],
                        [
                            -101.157916,
                            37.859848
                        ],
                        [
                            -101.157783,
                            37.859643
                        ],
                        [
                            -101.157634,
                            37.859444
                        ],
                        [
                            -101.15747,
                            37.859253
                        ],
                        [
                            -101.157291,
                            37.859071
                        ],
                        [
                            -101.157098,
                            37.858898
                        ],
                        [
                            -101.156891,
                            37.858735
                        ],
                        [
                            -101.156672,
                            37.858582
                        ],
                        [
                            -101.156441,
                            37.858441
                        ],
                        [
                            -101.156199,
                            37.858311
                        ],
                        [
                            -101.155948,
                            37.858194
                        ],
                        [
                            -101.155687,
                            37.858089
                        ],
                        [
                            -101.155419,
                            37.857997
                        ],
                        [
                            -101.155144,
                            37.857919
                        ],
                        [
                            -101.154864,
                            37.857855
                        ],
                        [
                            -101.154578,
                            37.857805
                        ],
                        [
                            -101.15429,
                            37.857768
                        ],
                        [
                            -101.153999,
                            37.857747
                        ],
                        [
                            -101.153707,
                            37.85774
                        ],
                        [
                            -101.153415,
                            37.857747
                        ],
                        [
                            -101.153124,
                            37.857768
                        ],
                        [
                            -101.152835,
                            37.857805
                        ],
                        [
                            -101.15255,
                            37.857855
                        ],
                        [
                            -101.152269,
                            37.857919
                        ],
                        [
                            -101.151994,
                            37.857997
                        ],
                        [
                            -101.151726,
                            37.858089
                        ],
                        [
                            -101.151466,
                            37.858194
                        ],
                        [
                            -101.151214,
                            37.858311
                        ],
                        [
                            -101.150973,
                            37.858441
                        ],
                        [
                            -101.150742,
                            37.858582
                        ],
                        [
                            -101.150522,
                            37.858735
                        ],
                        [
                            -101.150316,
                            37.858898
                        ],
                        [
                            -101.150123,
                            37.859071
                        ],
                        [
                            -101.149943,
                            37.859253
                        ],
                        [
                            -101.149779,
                            37.859444
                        ],
                        [
                            -101.14963,
                            37.859643
                        ],
                        [
                            -101.149498,
                            37.859848
                        ],
                        [
                            -101.149382,
                            37.86006
                        ],
                        [
                            -101.149283,
                            37.860277
                        ],
                        [
                            -101.149201,
                            37.860499
                        ],
                        [
                            -101.149137,
                            37.860724
                        ],
                        [
                            -101.149092,
                            37.860952
                        ],
                        [
                            -101.149055,
                            37.861412
                        ]
                    ]
                ]
            },
            "bbox": [
                -101.158359,
                37.85774,
                -101.149055,
                37.865085
            ]
        },
        {
            "type": "Feature",
            "properties": {
                "@circle": {
                    "type": "Mercator",
                    "center": [
                        -101.1445863,
                        37.8612503
                    ]
                }
            },
            "geometry": {
                "type": "Polygon",
                "coordinates": [
                    [
                        [
                            -101.140166,
                            37.86125
                        ],
                        [
                            -101.140175,
                            37.861469
                        ],
                        [
                            -101.140201,
                            37.861688
                        ],
                        [
                            -101.140244,
                            37.861904
                        ],
                        [
                            -101.140305,
                            37.862118
                        ],
                        [
                            -101.140382,
                            37.862329
                        ],
                        [
                            -101.140477,
                            37.862535
                        ],
                        [
                            -101.140587,
                            37.862736
                        ],
                        [
                            -101.140713,
                            37.862932
                        ],
                        [
                            -101.140854,
                            37.86312
                        ],
                        [
                            -101.14101,
                            37.863302
                        ],
                        [
                            -101.141181,
                            37.863475
                        ],
                        [
                            -101.141364,
                            37.863639
                        ],
                        [
                            -101.141561,
                            37.863794
                        ],
                        [
                            -101.141769,
                            37.863939
                        ],
                        [
                            -101.141988,
                            37.864074
                        ],
                        [
                            -101.142218,
                            37.864197
                        ],
                        [
                            -101.142457,
                            37.864308
                        ],
                        [
                            -101.142704,
                            37.864408
                        ],
                        [
                            -101.142959,
                            37.864495
                        ],
                        [
                            -101.14322,
                            37.864569
                        ],
                        [
                            -101.143487,
                            37.86463
                        ],
                        [
                            -101.143758,
                            37.864678
                        ],
                        [
                            -101.144032,
                            37.864712
                        ],
                        [
                            -101.144309,
                            37.864733
                        ],
                        [
                            -101.144586,
                            37.86474
                        ],
                        [
                            -101.144864,
                            37.864733
                        ],
                        [
                            -101.14514,
                            37.864712
                        ],
                        [
                            -101.145415,
                            37.864678
                        ],
                        [
                            -101.145686,
                            37.86463
                        ],
                        [
                            -101.145952,
                            37.864569
                        ],
                        [
                            -101.146214,
                            37.864495
                        ],
                        [
                            -101.146468,
                            37.864408
                        ],
                        [
                            -101.146716,
                            37.864308
                        ],
                        [
                            -101.146955,
                            37.864197
                        ],
                        [
                            -101.147184,
                            37.864074
                        ],
                        [
                            -101.147404,
                            37.863939
                        ],
                        [
                            -101.147612,
                            37.863794
                        ],
                        [
                            -101.147809,
                            37.863639
                        ],
                        [
                            -101.147992,
                            37.863475
                        ],
                        [
                            -101.148162,
                            37.863302
                        ],
                        [
                            -101.148318,
                            37.86312
                        ],
                        [
                            -101.14846,
                            37.862932
                        ],
                        [
                            -101.148586,
                            37.862736
                        ],
                        [
                            -101.148696,
                            37.862535
                        ],
                        [
                            -101.14879,
                            37.862329
                        ],
                        [
                            -101.148868,
                            37.862118
                        ],
                        [
                            -101.148928,
                            37.861904
                        ],
                        [
                            -101.148972,
                            37.861688
                        ],
                        [
                            -101.148998,
                            37.861469
                        ],
                        [
                            -101.149007,
                            37.86125
                        ],
                        [
                            -101.148998,
                            37.861031
                        ],
                        [
                            -101.148972,
                            37.860813
                        ],
                        [
                            -101.148928,
                            37.860596
                        ],
                        [
                            -101.148868,
                            37.860382
                        ],
                        [
                            -101.14879,
                            37.860172
                        ],
                        [
                            -101.148696,
                            37.859966
                        ],
                        [
                            -101.148586,
                            37.859764
                        ],
                        [
                            -101.14846,
                            37.859569
                        ],
                        [
                            -101.148318,
                            37.85938
                        ],
                        [
                            -101.148162,
                            37.859199
                        ],
                        [
                            -101.147992,
                            37.859026
                        ],
                        [
                            -101.147809,
                            37.858861
                        ],
                        [
                            -101.147612,
                            37.858706
                        ],
                        [
                            -101.147404,
                            37.858561
                        ],
                        [
                            -101.147184,
                            37.858427
                        ],
                        [
                            -101.146955,
                            37.858304
                        ],
                        [
                            -101.146716,
                            37.858192
                        ],
                        [
                            -101.146468,
                            37.858093
                        ],
                        [
                            -101.146214,
                            37.858006
                        ],
                        [
                            -101.145952,
                            37.857931
                        ],
                        [
                            -101.145686,
                            37.85787
                        ],
                        [
                            -101.145415,
                            37.857822
                        ],
                        [
                            -101.14514,
                            37.857788
                        ],
                        [
                            -101.144864,
                            37.857767
                        ],
                        [
                            -101.144586,
                            37.857761
                        ],
                        [
                            -101.144309,
                            37.857767
                        ],
                        [
                            -101.144032,
                            37.857788
                        ],
                        [
                            -101.143758,
                            37.857822
                        ],
                        [
                            -101.143487,
                            37.85787
                        ],
                        [
                            -101.14322,
                            37.857931
                        ],
                        [
                            -101.142959,
                            37.858006
                        ],
                        [
                            -101.142704,
                            37.858093
                        ],
                        [
                            -101.142457,
                            37.858192
                        ],
                        [
                            -101.142218,
                            37.858304
                        ],
                        [
                            -101.141988,
                            37.858427
                        ],
                        [
                            -101.141769,
                            37.858561
                        ],
                        [
                            -101.141561,
                            37.858706
                        ],
                        [
                            -101.141364,
                            37.858861
                        ],
                        [
                            -101.141181,
                            37.859026
                        ],
                        [
                            -101.14101,
                            37.859199
                        ],
                        [
                            -101.140854,
                            37.85938
                        ],
                        [
                            -101.140713,
                            37.859569
                        ],
                        [
                            -101.140587,
                            37.859764
                        ],
                        [
                            -101.140477,
                            37.859966
                        ],
                        [
                            -101.140382,
                            37.860172
                        ],
                        [
                            -101.140305,
                            37.860382
                        ],
                        [
                            -101.140244,
                            37.860596
                        ],
                        [
                            -101.140201,
                            37.860813
                        ],
                        [
                            -101.140166,
                            37.86125
                        ]
                    ]
                ]
            },
            "bbox": [
                -101.149007,
                37.857761,
                -101.140166,
                37.86474
            ]
        },
        {
            "type": "Feature",
            "properties": {
                "@circle": {
                    "type": "Mercator",
                    "center": [
                        -101.1356196,
                        37.861574
                    ]
                }
            },
            "geometry": {
                "type": "Polygon",
                "coordinates": [
                    [
                        [
                            -101.131212,
                            37.861574
                        ],
                        [
                            -101.131221,
                            37.861792
                        ],
                        [
                            -101.131247,
                            37.86201
                        ],
                        [
                            -101.13129,
                            37.862226
                        ],
                        [
                            -101.13135,
                            37.862439
                        ],
                        [
                            -101.131428,
                            37.862649
                        ],
                        [
                            -101.131521,
                            37.862855
                        ],
                        [
                            -101.131631,
                            37.863056
                        ],
                        [
                            -101.131757,
                            37.86325
                        ],
                        [
                            -101.131898,
                            37.863439
                        ],
                        [
                            -101.132054,
                            37.863619
                        ],
                        [
                            -101.132223,
                            37.863792
                        ],
                        [
                            -101.132407,
                            37.863956
                        ],
                        [
                            -101.132602,
                            37.864111
                        ],
                        [
                            -101.13281,
                            37.864255
                        ],
                        [
                            -101.133029,
                            37.864389
                        ],
                        [
                            -101.133258,
                            37.864512
                        ],
                        [
                            -101.133496,
                            37.864623
                        ],
                        [
                            -101.133743,
                            37.864723
                        ],
                        [
                            -101.133997,
                            37.864809
                        ],
                        [
                            -101.134258,
                            37.864883
                        ],
                        [
                            -101.134523,
                            37.864944
                        ],
                        [
                            -101.134794,
                            37.864992
                        ],
                        [
                            -101.135067,
                            37.865026
                        ],
                        [
                            -101.135343,
                            37.865047
                        ],
                        [
                            -101.13562,
                            37.865054
                        ],
                        [
                            -101.135896,
                            37.865047
                        ],
                        [
                            -101.136172,
                            37.865026
                        ],
                        [
                            -101.136446,
                            37.864992
                        ],
                        [
                            -101.136716,
                            37.864944
                        ],
                        [
                            -101.136982,
                            37.864883
                        ],
                        [
                            -101.137242,
                            37.864809
                        ],
                        [
                            -101.137496,
                            37.864723
                        ],
                        [
                            -101.137743,
                            37.864623
                        ],
                        [
                            -101.137981,
                            37.864512
                        ],
                        [
                            -101.13821,
                            37.864389
                        ],
                        [
                            -101.138429,
                            37.864255
                        ],
                        [
                            -101.138637,
                            37.864111
                        ],
                        [
                            -101.138833,
                            37.863956
                        ],
                        [
                            -101.139016,
                            37.863792
                        ],
                        [
                            -101.139186,
                            37.863619
                        ],
                        [
                            -101.139341,
                            37.863439
                        ],
                        [
                            -101.139482,
                            37.86325
                        ],
                        [
                            -101.139608,
                            37.863056
                        ],
                        [
                            -101.139718,
                            37.862855
                        ],
                        [
                            -101.139812,
                            37.862649
                        ],
                        [
                            -101.139889,
                            37.862439
                        ],
                        [
                            -101.139949,
                            37.862226
                        ],
                        [
                            -101.139993,
                            37.86201
                        ],
                        [
                            -101.140019,
                            37.861792
                        ],
                        [
                            -101.140027,
                            37.861574
                        ],
                        [
                            -101.140019,
                            37.861355
                        ],
                        [
                            -101.139993,
                            37.861138
                        ],
                        [
                            -101.139949,
                            37.860922
                        ],
                        [
                            -101.139889,
                            37.860709
                        ],
                        [
                            -101.139812,
                            37.860499
                        ],
                        [
                            -101.139718,
                            37.860293
                        ],
                        [
                            -101.139608,
                            37.860092
                        ],
                        [
                            -101.139482,
                            37.859897
                        ],
                        [
                            -101.139341,
                            37.859709
                        ],
                        [
                            -101.139186,
                            37.859528
                        ],
                        [
                            -101.139016,
                            37.859356
                        ],
                        [
                            -101.138833,
                            37.859192
                        ],
                        [
                            -101.138637,
                            37.859037
                        ],
                        [
                            -101.138429,
                            37.858893
                        ],
                        [
                            -101.13821,
                            37.858759
                        ],
                        [
                            -101.137981,
                            37.858636
                        ],
                        [
                            -101.137743,
                            37.858524
                        ],
                        [
                            -101.137496,
                            37.858425
                        ],
                        [
                            -101.137242,
                            37.858338
                        ],
                        [
                            -101.136982,
                            37.858264
                        ],
                        [
                            -101.136716,
                            37.858203
                        ],
                        [
                            -101.136446,
                            37.858156
                        ],
                        [
                            -101.136172,
                            37.858121
                        ],
                        [
                            -101.135896,
                            37.858101
                        ],
                        [
                            -101.13562,
                            37.858094
                        ],
                        [
                            -101.135343,
                            37.858101
                        ],
                        [
                            -101.135067,
                            37.858121
                        ],
                        [
                            -101.134794,
                            37.858156
                        ],
                        [
                            -101.134523,
                            37.858203
                        ],
                        [
                            -101.134258,
                            37.858264
                        ],
                        [
                            -101.133997,
                            37.858338
                        ],
                        [
                            -101.133743,
                            37.858425
                        ],
                        [
                            -101.133496,
                            37.858524
                        ],
                        [
                            -101.133258,
                            37.858636
                        ],
                        [
                            -101.133029,
                            37.858759
                        ],
                        [
                            -101.13281,
                            37.858893
                        ],
                        [
                            -101.132602,
                            37.859037
                        ],
                        [
                            -101.132407,
                            37.859192
                        ],
                        [
                            -101.132223,
                            37.859356
                        ],
                        [
                            -101.132054,
                            37.859528
                        ],
                        [
                            -101.131898,
                            37.859709
                        ],
                        [
                            -101.131757,
                            37.859897
                        ],
                        [
                            -101.131631,
                            37.860092
                        ],
                        [
                            -101.131521,
                            37.860293
                        ],
                        [
                            -101.131428,
                            37.860499
                        ],
                        [
                            -101.13135,
                            37.860709
                        ],
                        [
                            -101.13129,
                            37.860922
                        ],
                        [
                            -101.131247,
                            37.861138
                        ],
                        [
                            -101.131212,
                            37.861574
                        ]
                    ]
                ]
            },
            "bbox": [
                -101.140027,
                37.858094,
                -101.131212,
                37.865054
            ]
        },
        {
            "type": "Feature",
            "properties": {
                "@circle": {
                    "type": "Mercator",
                    "center": [
                        -101.1630835,
                        37.8540089
                    ]
                }
            },
            "geometry": {
                "type": "Polygon",
                "coordinates": [
                    [
                        [
                            -101.158681,
                            37.854009
                        ],
                        [
                            -101.15869,
                            37.854227
                        ],
                        [
                            -101.158716,
                            37.854445
                        ],
                        [
                            -101.158759,
                            37.85466
                        ],
                        [
                            -101.15882,
                            37.854873
                        ],
                        [
                            -101.158897,
                            37.855083
                        ],
                        [
                            -101.158991,
                            37.855288
                        ],
                        [
                            -101.1591,
                            37.855489
                        ],
                        [
                            -101.159226,
                            37.855683
                        ],
                        [
                            -101.159367,
                            37.855871
                        ],
                        [
                            -101.159522,
                            37.856052
                        ],
                        [
                            -101.159692,
                            37.856224
                        ],
                        [
                            -101.159875,
                            37.856388
                        ],
                        [
                            -101.16007,
                            37.856543
                        ],
                        [
                            -101.160278,
                            37.856687
                        ],
                        [
                            -101.160496,
                            37.856821
                        ],
                        [
                            -101.160725,
                            37.856944
                        ],
                        [
                            -101.160963,
                            37.857055
                        ],
                        [
                            -101.161209,
                            37.857154
                        ],
                        [
                            -101.161463,
                            37.857241
                        ],
                        [
                            -101.161723,
                            37.857314
                        ],
                        [
                            -101.161989,
                            37.857375
                        ],
                        [
                            -101.162259,
                            37.857423
                        ],
                        [
                            -101.162532,
                            37.857457
                        ],
                        [
                            -101.162807,
                            37.857478
                        ],
                        [
                            -101.163083,
                            37.857485
                        ],
                        [
                            -101.16336,
                            37.857478
                        ],
                        [
                            -101.163635,
                            37.857457
                        ],
                        [
                            -101.163908,
                            37.857423
                        ],
                        [
                            -101.164178,
                            37.857375
                        ],
                        [
                            -101.164444,
                            37.857314
                        ],
                        [
                            -101.164704,
                            37.857241
                        ],
                        [
                            -101.164958,
                            37.857154
                        ],
                        [
                            -101.165204,
                            37.857055
                        ],
                        [
                            -101.165442,
                            37.856944
                        ],
                        [
                            -101.165671,
                            37.856821
                        ],
                        [
                            -101.165889,
                            37.856687
                        ],
                        [
                            -101.166097,
                            37.856543
                        ],
                        [
                            -101.166292,
                            37.856388
                        ],
                        [
                            -101.166475,
                            37.856224
                        ],
                        [
                            -101.166645,
                            37.856052
                        ],
                        [
                            -101.1668,
                            37.855871
                        ],
                        [
                            -101.166941,
                            37.855683
                        ],
                        [
                            -101.167067,
                            37.855489
                        ],
                        [
                            -101.167176,
                            37.855288
                        ],
                        [
                            -101.16727,
                            37.855083
                        ],
                        [
                            -101.167347,
                            37.854873
                        ],
                        [
                            -101.167408,
                            37.85466
                        ],
                        [
                            -101.167451,
                            37.854445
                        ],
                        [
                            -101.167477,
                            37.854227
                        ],
                        [
                            -101.167486,
                            37.854009
                        ],
                        [
                            -101.167477,
                            37.853791
                        ],
                        [
                            -101.167451,
                            37.853573
                        ],
                        [
                            -101.167408,
                            37.853358
                        ],
                        [
                            -101.167347,
                            37.853145
                        ],
                        [
                            -101.16727,
                            37.852935
                        ],
                        [
                            -101.167176,
                            37.852729
                        ],
                        [
                            -101.167067,
                            37.852529
                        ],
                        [
                            -101.166941,
                            37.852334
                        ],
                        [
                            -101.1668,
                            37.852146
                        ],
                        [
                            -101.166645,
                            37.851966
                        ],
                        [
                            -101.166475,
                            37.851793
                        ],
                        [
                            -101.166292,
                            37.85163
                        ],
                        [
                            -101.166097,
                            37.851475
                        ],
                        [
                            -101.165889,
                            37.851331
                        ],
                        [
                            -101.165671,
                            37.851197
                        ],
                        [
                            -101.165442,
                            37.851074
                        ],
                        [
                            -101.165204,
                            37.850963
                        ],
                        [
                            -101.164958,
                            37.850864
                        ],
                        [
                            -101.164704,
                            37.850777
                        ],
                        [
                            -101.164444,
                            37.850703
                        ],
                        [
                            -101.164178,
                            37.850642
                        ],
                        [
                            -101.163908,
                            37.850595
                        ],
                        [
                            -101.163635,
                            37.85056
                        ],
                        [
                            -101.16336,
                            37.85054
                        ],
                        [
                            -101.163083,
                            37.850533
                        ],
                        [
                            -101.162807,
                            37.85054
                        ],
                        [
                            -101.162532,
                            37.85056
                        ],
                        [
                            -101.162259,
                            37.850595
                        ],
                        [
                            -101.161989,
                            37.850642
                        ],
                        [
                            -101.161723,
                            37.850703
                        ],
                        [
                            -101.161463,
                            37.850777
                        ],
                        [
                            -101.161209,
                            37.850864
                        ],
                        [
                            -101.160963,
                            37.850963
                        ],
                        [
                            -101.160725,
                            37.851074
                        ],
                        [
                            -101.160496,
                            37.851197
                        ],
                        [
                            -101.160278,
                            37.851331
                        ],
                        [
                            -101.16007,
                            37.851475
                        ],
                        [
                            -101.159875,
                            37.85163
                        ],
                        [
                            -101.159692,
                            37.851793
                        ],
                        [
                            -101.159522,
                            37.851966
                        ],
                        [
                            -101.159367,
                            37.852146
                        ],
                        [
                            -101.159226,
                            37.852334
                        ],
                        [
                            -101.1591,
                            37.852529
                        ],
                        [
                            -101.158991,
                            37.852729
                        ],
                        [
                            -101.158897,
                            37.852935
                        ],
                        [
                            -101.15882,
                            37.853145
                        ],
                        [
                            -101.158759,
                            37.853358
                        ],
                        [
                            -101.158716,
                            37.853573
                        ],
                        [
                            -101.158681,
                            37.854009
                        ]
                    ]
                ]
            },
            "bbox": [
                -101.167486,
                37.850533,
                -101.158681,
                37.857485
            ]
        },
        {
            "type": "Feature",
            "properties": {
                "@circle": {
                    "type": "Mercator",
                    "center": [
                        -101.1537068,
                        37.8542112
                    ]
                }
            },
            "geometry": {
                "type": "Polygon",
                "coordinates": [
                    [
                        [
                            -101.148996,
                            37.854211
                        ],
                        [
                            -101.149005,
                            37.854445
                        ],
                        [
                            -101.149033,
                            37.854677
                        ],
                        [
                            -101.14908,
                            37.854908
                        ],
                        [
                            -101.149144,
                            37.855136
                        ],
                        [
                            -101.149227,
                            37.855361
                        ],
                        [
                            -101.149327,
                            37.85558
                        ],
                        [
                            -101.149445,
                            37.855795
                        ],
                        [
                            -101.149579,
                            37.856003
                        ],
                        [
                            -101.14973,
                            37.856204
                        ],
                        [
                            -101.149896,
                            37.856397
                        ],
                        [
                            -101.150077,
                            37.856582
                        ],
                        [
                            -101.150273,
                            37.856757
                        ],
                        [
                            -101.150482,
                            37.856922
                        ],
                        [
                            -101.150704,
                            37.857077
                        ],
                        [
                            -101.150938,
                            37.85722
                        ],
                        [
                            -101.151183,
                            37.857352
                        ],
                        [
                            -101.151437,
                            37.85747
                        ],
                        [
                            -101.151701,
                            37.857577
                        ],
                        [
                            -101.151973,
                            37.857669
                        ],
                        [
                            -101.152251,
                            37.857748
                        ],
                        [
                            -101.152535,
                            37.857814
                        ],
                        [
                            -101.152824,
                            37.857865
                        ],
                        [
                            -101.153116,
                            37.857901
                        ],
                        [
                            -101.153411,
                            37.857923
                        ],
                        [
                            -101.153707,
                            37.85793
                        ],
                        [
                            -101.154003,
                            37.857923
                        ],
                        [
                            -101.154297,
                            37.857901
                        ],
                        [
                            -101.154589,
                            37.857865
                        ],
                        [
                            -101.154878,
                            37.857814
                        ],
                        [
                            -101.155162,
                            37.857748
                        ],
                        [
                            -101.155441,
                            37.857669
                        ],
                        [
                            -101.155712,
                            37.857577
                        ],
                        [
                            -101.155976,
                            37.85747
                        ],
                        [
                            -101.156231,
                            37.857352
                        ],
                        [
                            -101.156476,
                            37.85722
                        ],
                        [
                            -101.156709,
                            37.857077
                        ],
                        [
                            -101.156931,
                            37.856922
                        ],
                        [
                            -101.157141,
                            37.856757
                        ],
                        [
                            -101.157336,
                            37.856582
                        ],
                        [
                            -101.157518,
                            37.856397
                        ],
                        [
                            -101.157684,
                            37.856204
                        ],
                        [
                            -101.157835,
                            37.856003
                        ],
                        [
                            -101.157969,
                            37.855795
                        ],
                        [
                            -101.158087,
                            37.85558
                        ],
                        [
                            -101.158187,
                            37.855361
                        ],
                        [
                            -101.158269,
                            37.855136
                        ],
                        [
                            -101.158334,
                            37.854908
                        ],
                        [
                            -101.15838,
                            37.854677
                        ],
                        [
                            -101.158408,
                            37.854445
                        ],
                        [
                            -101.158417,
                            37.854211
                        ],
                        [
                            -101.158408,
                            37.853978
                        ],
                        [
                            -101.15838,
                            37.853745
                        ],
                        [
                            -101.158334,
                            37.853514
                        ],
                        [
                            -101.158269,
                            37.853286
                        ],
                        [
                            -101.158187,
                            37.853062
                        ],
                        [
                            -101.158087,
                            37.852842
                        ],
                        [
                            -101.157969,
                            37.852628
                        ],
                        [
                            -101.157835,
                            37.852419
                        ],
                        [
                            -101.157684,
                            37.852218
                        ],
                        [
                            -101.157518,
                            37.852025
                        ],
                        [
                            -101.157336,
                            37.85184
                        ],
                        [
                            -101.157141,
                            37.851665
                        ],
                        [
                            -101.156931,
                            37.8515
                        ],
                        [
                            -101.156709,
                            37.851345
                        ],
                        [
                            -101.156476,
                            37.851202
                        ],
                        [
                            -101.156231,
                            37.851071
                        ],
                        [
                            -101.155976,
                            37.850952
                        ],
                        [
                            -101.155712,
                            37.850846
                        ],
                        [
                            -101.155441,
                            37.850753
                        ],
                        [
                            -101.155162,
                            37.850674
                        ],
                        [
                            -101.154878,
                            37.850609
                        ],
                        [
                            -101.154589,
                            37.850558
                        ],
                        [
                            -101.154297,
                            37.850521
                        ],
                        [
                            -101.154003,
                            37.850499
                        ],
                        [
                            -101.153707,
                            37.850492
                        ],
                        [
                            -101.153411,
                            37.850499
                        ],
                        [
                            -101.153116,
                            37.850521
                        ],
                        [
                            -101.152824,
                            37.850558
                        ],
                        [
                            -101.152535,
                            37.850609
                        ],
                        [
                            -101.152251,
                            37.850674
                        ],
                        [
                            -101.151973,
                            37.850753
                        ],
                        [
                            -101.151701,
                            37.850846
                        ],
                        [
                            -101.151437,
                            37.850952
                        ],
                        [
                            -101.151183,
                            37.851071
                        ],
                        [
                            -101.150938,
                            37.851202
                        ],
                        [
                            -101.150704,
                            37.851345
                        ],
                        [
                            -101.150482,
                            37.8515
                        ],
                        [
                            -101.150273,
                            37.851665
                        ],
                        [
                            -101.150077,
                            37.85184
                        ],
                        [
                            -101.149896,
                            37.852025
                        ],
                        [
                            -101.14973,
                            37.852218
                        ],
                        [
                            -101.149579,
                            37.852419
                        ],
                        [
                            -101.149445,
                            37.852628
                        ],
                        [
                            -101.149327,
                            37.852842
                        ],
                        [
                            -101.149227,
                            37.853062
                        ],
                        [
                            -101.149144,
                            37.853286
                        ],
                        [
                            -101.14908,
                            37.853514
                        ],
                        [
                            -101.149033,
                            37.853745
                        ],
                        [
                            -101.148996,
                            37.854211
                        ]
                    ]
                ]
            },
            "bbox": [
                -101.158417,
                37.850492,
                -101.148996,
                37.85793
            ]
        }
    ]
}